公告类型,项目名称,所属行业,组织形式,开标时间,标书发售时间,公告内容,招标人,招标人地址,招标人联系人,招标人联系方式,招标代理机构,招标代理机构地址,招标代理机构联系人,招标代理机构联系方式,监督部门,监督部门地址,监督部门联系人,监督部门联系方式,依据文件,依据文号,发布日期,发布网站,公告历史
招标计划,汾西县2023年低级别文物保护修缮项目（汾西县薛家庄关帝庙保护修缮工程）,文物保护,公开招标,无,无,无,无,无,无,无,无,无,无,无,无,无,无,无,无,无,招标计划-2026.7.3,山西省公共资源交易平台,汾西县2023年低级别文物保护修缮项目（汾西县薛家庄关帝庙保护修缮工程）|https://prec.sxzwfw.gov.cn/jyxxzbjh/1070890.jhtml
招标计划,武乡县马牧河生态综合治理工程（变更）,水利,公开招标,无,无,无,无,无,无,无,无,无,无,无,无,无,无,无,无,无,招标计划-2026.7.3,山西省公共资源交易平台,武乡县马牧河生态综合治理工程（变更）|https://prec.sxzwfw.gov.cn/jyxxzbjh/1070923.jhtml
招标计划,霍州煤电集团河津五星煤业有限责任公司设备项目,无,公开招标,无,无,无,无,无,无,无,无,无,无,无,无,无,无,无,无,无,招标计划-2026.7.3,山西省公共资源交易平台,霍州煤电集团河津五星煤业有限责任公司设备项目招标计划变更公告|https://prec.sxzwfw.gov.cn/jyxxzbjh/1070926.jhtml
招标计划,五寨县南峰灌区(前所乡、砚城镇)渠系维修工程,水利,公开招标,无,无,无,无,无,无,无,无,无,无,无,无,无,无,无,无,无,招标计划-2026.7.3,山西省公共资源交易平台,五寨县南峰灌区(前所乡、砚城镇)渠系维修工程|https://prec.sxzwfw.gov.cn/jyxxzbjh/1070902.jhtml
招标计划,绛县经济开发区地下水污染防控与修复项目,工业,公开招标,无,无,无,无,无,无,无,无,无,无,无,无,无,无,无,无,无,招标计划-2026.7.3,山西省公共资源交易平台,绛县经济开发区地下水污染防控与修复项目|https://prec.sxzwfw.gov.cn/jyxxzbjh/1070965.jhtml
延期公告,汾西县再生水回用项目变更及,无,无,无,无,无,无,无,无,无,无,无,无,无,无,无,无,无,无,无,延期公告-2026.7.3,山西省公共资源交易平台,汾西县再生水回用项目变更及延期公告|https://prec.sxzwfw.gov.cn/jyxxgcgz/1070785.jhtml
招标计划,神池县主城区综合管网普查及地形测量项目,房屋市政,公开招标,无,无,无,无,无,无,无,无,无,无,无,无,无,无,无,无,无,招标计划-2026.7.3,山西省公共资源交易平台,神池县主城区综合管网普查及地形测量项目|https://prec.sxzwfw.gov.cn/jyxxzbjh/1070940.jhtml
变更公告,潇河晋中市榆次区城区段防洪能力提升工程勘察和初步设计招标,无,无,无,无,无,无,无,无,无,无,无,无,无,无,无,无,无,无,无,变更公告-2026.7.3,山西省公共资源交易平台,潇河晋中市榆次区城区段防洪能力提升工程勘察和初步设计招标变更公告|https://prec.sxzwfw.gov.cn/jyxxgcgz/1070817.jhtml
招标计划,省道229线（原省道虎山线）山阴县过境改线工程,交通,公开招标,无,无,无,无,无,无,无,无,无,无,无,无,无,无,无,无,无,招标计划-2026.7.3,山西省公共资源交易平台,省道229线（原省道虎山线）山阴县过境改线工程|https://prec.sxzwfw.gov.cn/jyxxzbjh/1070873.jhtml
澄清公告,阳城县蟒河镇泥河至出水道路提质改造工程施工招标二次,无,无,无,无,无,无,无,无,无,无,无,无,无,无,无,无,无,无,无,澄清公告-2026.7.3,山西省公共资源交易平台,阳城县蟒河镇泥河至出水道路提质改造工程施工招标二次澄清公告|https://prec.sxzwfw.gov.cn/jyxxgcgz/1070919.jhtml
招标计划,2026年东坊城乡李峪村田园综合旅游项目,农业,公开招标,无,无,无,无,无,无,无,无,无,无,无,无,无,无,无,无,无,招标计划-2026.7.3,山西省公共资源交易平台,2026年东坊城乡李峪村田园综合旅游项目|https://prec.sxzwfw.gov.cn/jyxxzbjh/1070925.jhtml
招标公告,孝河幸福河湖建设工程监理项目,无,无,202,2026年7月3日17时00分至2026年7月24日10时00分,孝河幸福河湖建设工 程 监理项目招标 公告 （招标编号 ： SJ141100202607 020430 ） 招标项目所在地区：山 西省吕梁市 一、招标条 件 本孝河幸福河湖建设工程（ 招标项目编号： SJ141100202607 020430 ），已由孝义 市发 展和改革局以孝发改发【2024】166 号文批准建设，核准号为 2024-0 50 。孝义市发展 和改 革局以孝发改发【2026】56 号文件批准初步设计， 工程总投资 13426.2 2 万元；项目资 金 来源为争取中央资金、省级资金补助和本级财政资金， 招标人为孝义市水利局。本项目已 具备招标条件，现对该项目监理项目 进行国内公开招标。 二、项目概况和招 标范围 项目规模：本工程主要包含河湖系统治理、提升管护 能力提升、助力流域区域发展三 方面内容 。 （ 1 ）河湖系统治理主要包括：岸线 保护修复工程共 27.67k m ，其中张家庄水库 上游段 （桩号 K4+000-K20+ 200 ）河湖岸线生态化治理工程左 右岸总长共 24.6k m 、库区段长 度 1.0k m 、张家庄水库下游段（凹岸防 护左右岸总长 2.07k m ）、曹溪河生态化治理 工程左右 岸总长共 2.6k m ；水域空间修复包括张家庄水 库上游（桩号 K1+100-K20+ 200 ）河床整治 工 程总长 18.2k m 、防冲潜坎 67 座、闸坝生态流量泄放设施改造 2 处；水文化保护传 承与挖 掘创新包括水文化展示与宣传、水文化遗产挖掘与 系统保护、建设水情教育基地 1 处。 （ 2 ）提升管护能力主要 包括：设置 “ 四个一 ” 设施 9 0 处、界桩 55 6 座、界碑 5 6 座、 告示牌 3 0 处。一体化监测站（水位 、流量、流速） 8 套、雨量监测站 8 套、视频监控 42 套、动态智慧杆 2 套、无人机自动机库系统 2 套。幸福河湖智慧系统集成 1 项。 （ 3 ）助力流域区域发展主要包括：建设亲水 平台、完善便民设施等。 招标内容与范围：本招标项目划分为 1 个标段，本次招标为 其中的： 00 1 不分标段，标段（包 ）内容： 标段（包）范围：孝河幸福河湖建设工程 工程施工全过程监理工作 建设地址：孝河整 条河道 监理服务期：自监理合同签订之日起，至工程竣 工验收及缺陷责任期满之日止 三、投标人资格 要求 00 1 不分标段，该标段（包） 投标人资格要求 : 3. 1 本次招标要求投标人须具备工程监理综合资质或行 政主管部门颁发的水利工程施 工监理乙级及以上资质， 并在人员、设备方 面具有相应的监理能力。 3. 2 投标人拟派总监理工程师须具备 国家级监理工程师 ( 水利工 程 ) 注册证书及水 利工 程高级及以上专业技 术职称。 3. 3 其它主要人员：除总监理工程师外，拟派的主要监 理人员至少包含机电类专业监 理工程师或信息类专业监理工程师 1 名，水利水电工程注册监理工程师 2 名； 3. 4 单位负责人为同一人或者存在控股、管理关系的不 同单位，不得同时对本项目提 出投标申请，否则投 标无效； 3. 5 投标人、法定代表人和项目总监近三年 内无行贿犯罪记录。 3. 6 投标人应符合《中华人民共和国招标投标法实 施条例》第三章第三十四条： “ 单 位负责人为同一人或者存在控股、管理关系的不同单位 ，不得参加同一标段或者未划分标 段的同一招标项 目投标 ” 的规定； 3. 7 投标人未 被 “ 中国执行信息 公开网 ” 网站列入失信被执 行人；未被 “ 信用中 国 ” 网站列入重大税收违法失 信主体；未在 “ 全国水利建设市场信 用信息平台 ” 行政处罚名 单 中；未被 列入 “ 国家企业信用信息 公示系统 ” 严重违法失信名单；在中国裁 判文书网无行 贿犯罪记录 。 3. 8 本项目不允许联合 体投标。 四、招标文件的 获取 4.1 获取时 间 :202 6 年 7 月 3 日 1 7 时 0 0 分至 202 6 年 7 月 2 4 日 1 0 时 0 0 分前； 4.2 获取方法：在全国公共 资源交易平台 ( 山西省吕 梁市 ) 免费下载招标 文件 ( 投标人需 办理数字证书后 方可下载 ) 。 五、投标文件的 递交 5. 1 递交截止 时间 :202 6 年 7 月 2 4 日 1 0 时 0 0 分； 5. 2 递交方 法 : 投标人应在投标截止时 间前，登录 “ 全国公共资源交 易平台 ( 山西省吕 梁市 )” 在线提交加密后的电子投标文件。逾期提交或者未 提交的投标文件，招标人不予受 理； 5. 3 递交地址：全国公共资源交易平台 （山西省吕梁市）。 六、开标时间及 地点 6. 1 开标时间 ： 202 6 年 7 月 2 4 日 1 0 时 0 0 分 6. 2 开标方式：通过全国公共资源 交易平台（山西省 · 吕梁市）网上 开标 七、提交投标保证 金的形式 本项目可以采用现金保证金或银行保函、保证保险、 担保机构保函、电子保函等非现 金交易担保方式提交投 标保证金。 八、提出异议的渠 道和方式 提出异议的渠道：通过电子招 标投标交易平台 接收异议的联系人 ：陈先生 电 话： 0358-783 0624 九、其他公告 内容 9.1 本次招标公告同时在《山西省招标投标公共服务平 台》、《全国公共资源交易平 台（山西 省 · 吕梁市）》上发 布。 9.2 本项目全面实行远程线上开标， 项目发起解密 3 0 分钟内投标人登录全国 公共资源 交易平台（山 西省 · 吕梁市）→远程开标大厅，进行解密、确认 报价。若在规定时间内投 标文件无法解密或解密失败，视为 主动放弃本次投标。 十、监督部 门 本招标项目的监督部门为吕 梁市水利局。 监督部门联系 方式： 0358-828 2206 电子邮件 ： llghjh@163 .com 十一、联系方 式 招标人：孝义市 水利局 地址：山西省孝义市迎宾路 三农大楼七层 联系人：陈先 生 电话： 0358-783 0624 招标代理机构：山西中和康泰建设 项目管理有限公司 地址：山西省吕梁孝义市振兴 街（德泽苑 5 号楼 2 单元 3 层） 联系人：张女 士 电话： 0358-783 0988 电子邮件 ： sxzhkt@163 .com 招标代理机 构项 目负责人：张高 统（签名 ） 招标人或其 招标 代理机构：山西 中和康泰 建设项目管理有限公司 （签章）,孝义市水利局,山西省孝义市迎宾路三农大楼七层,陈先生,0358-7830624,山西中和康泰建设项目管理有限公司,山西省吕梁孝义市振兴街（德泽苑5号楼2单元3层）,张女士,0358-7830988,吕,山西省孝义市迎宾路 三农大楼七层,陈先 生,0358-7830624,无,无,招标公告-2026.7.3,山西省公共资源交易平台,孝河幸福河湖建设工程监理项目招标公告|https://prec.sxzwfw.gov.cn/jyxxgczb/1070948.jhtml
招标公告,右玉县人民医院综合楼配套工程信息化网络设备,无,无,2026-07-24 09:30:00,2026-07-03 15:00 -- 2026-07-10 15:00,"右玉县人民医院综合楼配套工程信息化网络设备(1标段)招标公告 （招标编号：E14060000G3001812001） 招标项目所在地区: 山西省朔州市右玉县 一、招标条件 本右玉县人民医院综合楼配套工程信息化网络设备（招标项目编号： E14060000G3001812001 ），已由右玉县行政审批服务管理局批准，项目资金来源为申请上级资金及地方财政配套资金，招标人为右玉县卫生健康局。本项目已具备招标条件，现进行 公开招标 。 二、项目概况和招标范围 项目规模: 家具购置包括服务中心、治疗室、会议室等;窗帘购置安装，其中隔断帘3019.5米，窗帘3472米；医院综合楼音视频系统包括十五层报告厅音视频系统、十四临床模拟实训中心音视频系统、十三层和十五层小会议室音视频系统、IP广播系统、物联控制及信息发布系统；医院综合楼净化包括五层产房、四层手术室、ICU、三层中心供应室及二层检验科(pcr实验室)共1897平方米；中心供养机组包括制氧主机1套、负压吸引主机1套及压缩空气主机1套；医疗器械购置1项，医疗系统软件购置1项，信息化网络建设包括医疗云数据中心、模块化数据机房、云桌面办公系统、网络及安全防护等。 招标内容与范围：本招标项目划分为1个标段，本次招标为其中的: 001001标段 右玉县人民医院综合楼配套工程信息化网络设备: 2.1招标内容：详见采购清单 2.2供货及安装期限：60日历天 2.3交货地点：招标人指定地点 2.4项目备案编号：E14060000G3001812001 2.5项目审批文号：右审批字[2024]51号、右审批字[2025]125号 2.6项目总投资额：1389.42386万元 三、投标人资格要求 001001标段 右玉县人民医院综合楼配套工程信息化网络设备: 3.1投标人须具有独立法人资格,具备有效的营业执照，并在人员、设备、资金等方面具备相应的供货能力； 3.2.投标人信誉良好，近三年内在“信用中国”（http//www.creditchina. gov.cn/）网站中未被列入失信被执行人名单（查询企业及法定代表人），在国家企业信用信息公示系统（http://www.gsxt.gov.cn/）中未被列入严重违法失信企业名单录； 3.3.投标人需提供自招标公告发布之日起至投标文件递交截止时间前中国裁判文书网（http://wenshu.court.gov.cn/）查询页面截图（须查询企业、法定代表人）； 3.4.单位负责人为同一人或存在控股、管理关系的不同单位不得同时参加本项目的投标； 3.5.本次招标不接受联合体投标。 本标段 不允许 联合体投标。 四、招标文件的获取 001001标段 右玉县人民医院综合楼配套工程信息化网络设备: 获取时间: 2026-07-03 15:00 -- 2026-07-10 15:00 获取方法: 本项目投标人须办理CA数字证书，在公共资源交易市场主体库（http://jyzt.sxzwfw.gov.cn/）进行主体库注册，主体库注册完成后凭借CA数字证书登录朔州市公共资源电子交易系统（http://124.167.17.28:8090/gb-web/#/login），通过系统指引下载获取本项目招标文件，此为获取本项目招标文件的唯一途径 五、投标文件的递交 001001标段 右玉县人民医院综合楼配套工程信息化网络设备: 递交截止时间: 2026-07-24 09:30:00 递交方法: 系统上传 递交地址: 投标人须使用CA数字证书在朔州市公共资源电子交易系统http://124.167.17.28:8090/gb-web/#/login上传加密投标文件，上传的加密投标文件须自行解密验证，投标文件递交截止时间后将无法上传投标文件，远程开标需提前检测好电脑环境 六、开标时间及地点 001001标段 右玉县人民医院综合楼配套工程信息化网络设备: 开标时间: 2026-07-24 09:30:00 开标方式: 网上开标 七、提交投标保证金的形式 本项目可以采用现金保证金或银行保函、保证保险、担保机构保函、电子保函等非现金交易担保方式提交投标保证金 八、提出异议的渠道和方式 提出异议的渠道: 1.通过全国公共资源交易平台 ( 山西省 · 朔州市 )(http://szggzy.shuozhou.gov.cn/） 2.纸质方式提出 接收异议的联系人: 赵剑峰 电话: 0349-8021624 九、其他公告内容 1.本次招标公告同时在《山西省招标投标公共服务平台》和《全国公共资源交易平台（山西省·朔州市）》上发布； 2.本次招标文件评标方法采用综合评估法，定标方式：招标人应当依据评标委员会提交的评标报告和推荐的中标候选人，依法确定第一中标候选人为中标人。 十、监督部门 本招标项目的监督部门为右玉县住房和城乡建设管理局。 电 话: 0349-8022515。 电子邮件: youyuchengjianju@163.com。 十一、联系方式 招 标 人: 右玉县卫生健康局 地 址: 右玉县玉林东街 联 系 人: 赵剑峰 电 话: 0349-8021624 电子邮件: yywsj1@163.com 招标代理机构: 山西永德兴工程项目管理有限公司 地 址: 太原市小店区晋阳街82号6幢6层0601-0602号 联 系 人: 程蔚洁 电 话: 17891290225 电子邮件: ydx7030335@163.com 招标人或招标代理机构主要负责人（项目负责人）: （签章） 招标人或招标代理机构: （签章）",右玉县卫生健康局,右玉县玉林东街,赵剑峰,0349-8021624,山西永德兴工程项目管理有限公司,太原市小店区晋阳街82号6幢6层0601-0602号,程蔚洁,17891290225,右玉县住房和城乡建设管理局,无,无,0349-8022515,无,无,招标公告-2026.7.3,山西省公共资源交易平台,右玉县人民医院综合楼配套工程信息化网络设备(1标段)招标公告|https://prec.sxzwfw.gov.cn/jyxxgczb/1070952.jhtml
招标公告,介休市义棠镇郭壁村采煤沉陷区搬迁安置后旧房拆除及土地复垦项目,无,无,2026-07-24 09:00,2026-07-03 12:00至2026-07-08 12:00,"（招标编号：E1407000827004405001） 招标项目所在地区:介休市 一、招标条件 本 介休市义棠镇郭壁村采煤沉陷区搬迁安置后旧房拆除及土地复垦项目（招标项目编号：E1407000827004405001）,已由介休市自然资源局以介自然资发[2026]2号批准建设,项目资金来源为 财政资金招标人为 介休市规划和自然资源事务服务中心。本项目已具备招标条件，现进行 公开招标 二、项目概况与招标范围 项目规模：本项目区位于义棠镇郭壁村，复垦区总面积为21.7780hm²，复垦责任范围面积为19.333hm²，项目区通过复垦后，拟复垦地类：旱地12.4475hm²，农村道路0.4506hm²，田坎6.3313hm²，水域及水利设施用地0.1036hm²。 招标内容与范围：本招标项目划分为 1个标段，本次招标为其中的： 001介休市义棠镇郭壁村采煤沉陷区搬迁安置后旧房拆除及土地复垦项目 建设工期：365日历天 三、投标人资格要求 001介休市义棠镇郭壁村采煤沉陷区搬迁安置后旧房拆除及土地复垦项目 3.1资质要求：投标人必须在中华人民共和国境内注册，具有独立法人资格，取得有效的营业执照，并在人员、设备、资金等方面具有相应的施工能力；投标人须具备建筑工程或市政公用工程施工总承包叁级及以上资质和安全生产许可证。3.2人员要求：投标人拟派项目经理须具备建筑工程或市政公用工程专业贰级（含）以上注册建造师执业资格，具有有效的安全生产考核合格证书（B类），且未担任其他在施建设工程项目的项目经理。3.3信用要求：投标人在信用中国网站中未被列入失信被执行人名单；在国家企业信用信息公示系统网站中未列入严重违法失信企业名单；投标人、法定代表人及项目经理在中国裁判文书网无行贿犯罪记录。3.4根据（晋财购〔2025〕89号）文件要求，本项目需落实的政府采购政策要求：本项目专门面向中小型企业采购，投标人应为中小型企业。3.5其他要求：投标人应符合《中华人民共和国招标投标法实施条例》第三十四条“与招标人存在利害关系可能影响招标公正性的法人，其它组织或者个人，不得参加投标。单位负责人为同一人或者存在控股、管理关系的不同单位，不得参加同一标段或者未划分标段的同一招标项目投标”的规定。 本项目 不允许 联合体投标。 四、招标文件的获取 获取时间：2026-07-03 12:00至2026-07-08 12:00 获取方法：凡有意参加投标者，在晋中市公共资源交易平台线上获取招标文件。 五、投标文件的递交 递交截止时间:2026-07-24 09:00 递交方法:晋中市公共资源交易平台线上递交 递交地址：晋中市公共资源交易平台 六、开标时间及地点 开标时间：2026-07-24 09:00 开标方式：本项目采用远程不见面开标，通过晋中市公共资源交易系统远程解密、远程在线开标。 七、提交投标保证金的形式 本项目可以采用现金保证金或银行保函、保证保险、担保机构保函、电子保函等非现金交易担保方式提交投标保证金。 八、提出异议的渠道和方式 提出异议的渠道:1.通过电子招标投标交易平台(系统) 2.纸质方式提出 接收异议的联系人:宋先生 电话:18735429575 九、其他公告内容 本次招标公告同时在 《中国招标投标公共服务平台》、《山西省招标投标公共服务平台》(山西招投标网)、《全国公共资源交易平台（山西省）》、《晋中市公共资源交易平台》上发布。 9.1 主体库注册：请在山西省公共资源交易市场完成主体库注册（http://jyzt.sxzwfw.gov.cn/）。完成注册后，信息隔天方可同步。9.2 CA数字证书：如需办理CA数字证书请咨询：电话：400-0351-858、400-0351-858。9.3 确认投标：参与本项目的投标人，请在晋中市公共资源交易平台登录系统，在确认投标栏目中找到对应的项目参加投标。9.4 各有关投标人请自行选择合适电脑，登陆晋中市公共资源交易平台（https://ggzy.sxjz.gov.cn）—下载查询—工程建设—晋中市不见面开标驱动程序及操作手册，按照操作手册安装驱动，提前进行环境检测。9.5 技术支持电话：0351-2926957。 十、监督部门 本招标项目的监督部门为介休市自然资源局 电话:15003449988 电子邮件:jxstdzlzx@163.com 十一、联系方式 招标人：介休市规划和自然资源事务服务中心 地址：山西省晋中市介休市北坛中路109号 联系人：宋先生 联系电话：18735429575 电子邮件：jxstdzlzx@163.com 招标代理机构：山西国建中恒工程项目管理有限公司 地址：山西省太原市万柏林区迎泽西大街119号公元时代城1幢A座25层2501号 联系人：许情 联系电话：13623629050 电子邮件：sxgjzhgszbb@163.com 招标人或其招标代理机构主要负责人（项目负责人）：（签名） 招标人或其招标代理机构：（盖章）",介休市规划和自然资源事务服务中心,山西省晋中市介休市北坛中路109号,宋先生,18735429575,山西国建中恒工程项目管理有限公司,山西省太原市万柏林区迎泽西大街119号公元时代城1幢A座25层2501号,许情,13623629050,介休市自然资源局,无,无,15003449988,无,无,招标公告-2026.7.3,山西省公共资源交易平台,介休市义棠镇郭壁村采煤沉陷区搬迁安置后旧房拆除及土地复垦项目招标公告|https://prec.sxzwfw.gov.cn/jyxxgczb/1070871.jhtml
招标公告,长治市上党区2026年“美丽蓝天”煤改电项目施工,无,无,2026年7月28日09时30分,2026年7月3日起至2026年7月28日 获取方法：在全国公共资源交易平台（山西省•长治市） （https://ggzy.changzhi.gov.cn/）下载招标文 件。 五、投标文件的 递交 递交截止时间：2026年7月28日09时30分,长治市上党区2026年“美丽蓝天”煤改电项目施工 招标公告 （招标编号：ZFD14042120260 7030007-02） 招标项目所在地区：山西省长治市上党区 一、招标条件 本招标项目长治市上党区 2026 年“美丽蓝天”煤改电项目施工（招标项目 编 号 ： Z F D140421202607030007-02 ） 已 由 长治市上党区发展改革和科学技术局以 长上发改审字[2026]17 号、长上发改审字[2026]31 号批复，建设资金为申请上 级资金和区财政资金配套解决 ， 招 标 人为长治市上党区城投供热有限公司 。 项 目 已具备招标条件，现对该项目施工进行公开招标。 二、项目概况和招标 范围 1、项目名称：长治市上党区2026年“美丽蓝天”煤改电项目施工。 2、项目建设地址：长治市上党区荫城镇。 3、建设内容及规模：本项目拟对锦家庄村、西陕村、安宅上村、木坡村、 藏 龙村 、 树 家 头等6个自然村进行煤改电 ， 涉 及 改造户数共计874户 ， 本 项 目推荐 采用石墨烯电热板墙暖供热系统。 4、计划工期：4个月。 5、招标范围及标段划分：施工图纸和工程量清 单范围内的全部内容；按一 个标段组织招标。 三、投标人资格 要求 1、投标人须具有相关主管部门颁发的建筑机电 安装工程专业承包二级及其 以上资质和建筑工程施工总承包三级及其以上资质 ， 并 在 人员 、 设 备 、 资 金 等方 面具有完成施工的能力。 2、项目经理资格要求：拟担任本工程项目经理 须具备机电工程专业二级及 其以上注册建造师执业资格 ， 具 备 有效的安全生产考核合格证书 ， 且 未 担任其他 在建工程项目的项目经理。 3 、财务要求：投标人须提供2025年度财务审计报告。 4 、企业最后一次缴纳税收的完税凭证和社保缴 纳凭证（社保部门出具的正 规社保凭证和参保缴费证明为准）。 5 、投标人在经营活动中没有重大违法记录且未 被列入失信执行人名单，以 “信用中国”（ http://www.creditchina.gov.c n ） 网站查询结果为准。 6 、单位负责人为同一人或者存在控股、管理关 系的不同单位不得同时参加 本项目的投标。 7 、投标人须提供中国裁判文 书网（ http://wenshu.court.gov.cn/ ）查询页面 截 图（须查询企业、法定代表人、项目经理）。 8 、本次招标不接受联合体投标。 四、招标文件的获 取 获取时间：2026年7月3日起至2026年7月28日 获取方法：在全国公共资源交易平台（山西省•长治市） （https://ggzy.changzhi.gov.cn/）下载招标文 件。 五、投标文件的 递交 递交截止时间：2026年7月28日09时30分。 递交方法： 在投标文件递交截止时间前，登录 (https://ggzy.changzhi.gov.c n/）“全国公共资源交易平台（山西省•长治市）” 在线提交加密后的电子投标文件。 递交地址：“全国公共资源交易平台（山西省•长治市）” (https://ggzy.cha ngzhi.gov.cn/） 六、开标时间及 地点 开标时间：2026年7月28日09时30分 开标方式：本次项目采 用远程开 标 （ 不见面开标）方式开标，具体操作 流程 详见全国公共资源交易平台（山西省•长治市）下载 中心《建设工程远程开标用 户 手册 》 ； 投 标人应在开标前需准备好 CA 锁 ， 以 确 保网络环境良好及电脑运行 正常等相关工作，保证远程开标会议的顺利进行。 七、提交投标保证金 的形式 本项目可以采用现金保证金或银行保函 、 保 证 保险 、 担 保 机构保函 、 电 子 保 函等非现金交易担保方式提交投标保证金。 八、提出异议的渠道 和方式 提出异议的渠道：1、通过(https://ggzy.changzhi.g ov.cn/）“全国公共 资源交易平台（山西省•长治市）”系统平台。 2、纸质方式 接收异议的联系人：侯先生 电 话 ：0355-8081180 九、其他公示 内容 本次招标公告同时在山西省招标投标公共服务平台 、 全 国 公共资源交易平台 （山西省•长治市）发布。 十、监督部 门 本招标项目的监督部门为长治市上党区住房和城乡建设局 联系人：侯女士 电 话：0355-8089230 电子邮件：changxianzhujian@163.com 十一、联系方 式 招 标 人 ：长治市上党区城投供热有限公司 地 址： 山 西 省长治市上党区韩店街道 联 系 人 ：侯先生 话： 0355-8081180 电子邮件 ： sdctgr2020@163.com 电 招标代理机构：山西三木工程项目管理有限公司 地 联 电 址： 长治市英雄中路 383 号 系 人： 李 女士 话 ：0355-2031510 电 子 邮 件：sanmugs@163.com 招标人或其招标代理机构主要负 责人（项目负责人） ： （签名 ） 招标人或其招标代 理机构： （盖章 ）,长治市上党区城投供热有限公司,山西省长治市上党区韩店街道,侯先生,0355-8081180,山西三木工程项目管理有限公司,长治市英雄中路383号,李女士,0355-2031510,长治市上党区住房和城乡建设局,山 西 省长治市上党区韩店街道,侯女士,0355-8089230,无,无,招标公告-2026.7.3,山西省公共资源交易平台,长治市上党区2026年“美丽蓝天”煤改电项目施工招标公告|https://prec.sxzwfw.gov.cn/jyxxgczb/1070997.jhtml
变更公告,柳林县贾家垣乡李家焉至双则公路工程施工项目,无,无,无,无,无,无,无,无,无,无,无,无,无,无,无,无,无,无,无,变更公告-2026.7.3,山西省公共资源交易平台,柳林县贾家垣乡李家焉至双则公路工程施工项目变更公告|https://prec.sxzwfw.gov.cn/jyxxgcgz/1070819.jhtml
中标候选人公示,大同市云冈区供水管网及设施更新改造项目,无,无,无,无,无,无,无,无,无,无,无,无,无,大同市住房和城乡建设局,无,无,无,无,无,中标候选人公示-2026.7.3,山西省公共资源交易平台,大同市云冈区供水管网及设施更新改造项目(4标段)中标候选人公示|https://prec.sxzwfw.gov.cn/jyxxgchxr/1070942.jhtml
中标候选人公示,晋城市泽州县丹河流域北义城镇段农村生活污水治理及资源化利用项目,无,无,无,无,无,无,无,无,无,无,无,无,无,泽州县住房和城乡建设管理局,无,无,无,无,无,中标候选人公示-2026.7.3,山西省公共资源交易平台,晋城市泽州县丹河流域北义城镇段农村生活污水治理及资源化利用项目中标候选人公示|https://prec.sxzwfw.gov.cn/jyxxgchxr/1070977.jhtml
中标候选人公示,山西阳泉矿区泊里煤矿项目15101工作面三号瓦斯鉴定巷定向长钻孔工程（15103、15105工作面系统巷揭煤）,无,无,无,无,无,无,无,无,无,无,无,无,无,山西省晋中市和顺县能源局,无,无,无,无,无,中标候选人公示-2026.7.3,山西省公共资源交易平台,山西阳泉矿区泊里煤矿项目15101工作面三号瓦斯鉴定巷定向长钻孔工程（15103、15105工作面系统巷揭煤）中标候选人公示|https://prec.sxzwfw.gov.cn/jyxxgchxr/1070984.jhtml
中标候选人公示,平鲁区李林中学3#学生公寓维修工程（装饰装修）,无,无,无,无,无,无,无,无,无,无,无,无,无,朔州市平鲁区住房和城乡建设管理局,无,无,无,无,无,中标候选人公示-2026.7.3,山西省公共资源交易平台,平鲁区李林中学3#学生公寓维修工程（装饰装修）(1标段)中标候选人公示|https://prec.sxzwfw.gov.cn/jyxxgchxr/1070980.jhtml
招标计划,山阴县第一中学校教学楼、宿舍楼室内部分设施修缮改造项目,房屋市政,公开招标,无,无,无,无,无,无,无,无,无,无,无,无,无,无,无,无,无,招标计划-2026.7.3,山西省公共资源交易平台,山阴县第一中学校教学楼、宿舍楼室内部分设施修缮改造项目|https://prec.sxzwfw.gov.cn/jyxxzbjh/1070978.jhtml
中标候选人公示,长治市上党区工人文化宫改造项目设计施工总承包,无,无,无,无,无,无,无,无,无,无,无,无,无,长治市上党区住房和城乡建设局,无,侯女士,0355-8089230,无,无,中标候选人公示-2026.7.3,山西省公共资源交易平台,长治市上党区工人文化宫改造项目设计施工总承包中标候选人公示|https://prec.sxzwfw.gov.cn/jyxxgchxr/1071003.jhtml
中标结果公示,大同市晋北地区高原风沙源生态保护和修复项目桦林背林场2026年人工造林,无,无,无,无,无,无,无,无,无,无,无,无,无,大同市规划和自然资源局,无,无,无,无,无,中标结果公示-2026.7.3,山西省公共资源交易平台,大同市晋北地区高原风沙源生态保护和修复项目桦林背林场2026年人工造林(3标段)中标结果公示|https://prec.sxzwfw.gov.cn/jyxxgcgs/1070963.jhtml；大同市晋北地区高原风沙源生态保护和修复项目桦林背林场2026年人工造林(11标段)中标结果公示|https://prec.sxzwfw.gov.cn/jyxxgcgs/1070969.jhtml；大同市晋北地区高原风沙源生态保护和修复项目桦林背林场2026年人工造林(10标段)中标结果公示|https://prec.sxzwfw.gov.cn/jyxxgcgs/1070970.jhtml；大同市晋北地区高原风沙源生态保护和修复项目桦林背林场2026年人工造林(9标段)中标结果公示|https://prec.sxzwfw.gov.cn/jyxxgcgs/1070971.jhtml；大同市晋北地区高原风沙源生态保护和修复项目桦林背林场2026年人工造林(12标段)中标结果公示|https://prec.sxzwfw.gov.cn/jyxxgcgs/1070968.jhtml；大同市晋北地区高原风沙源生态保护和修复项目桦林背林场2026年人工造林(13标段)中标结果公示|https://prec.sxzwfw.gov.cn/jyxxgcgs/1070976.jhtml
中标结果公示,昔阳县第三污水处理厂工程EPC总承包,无,无,无,无,无,无,无,无,无,无,无,无,无,昔阳县住房和城乡建设管理局,无,无,无,无,无,中标结果公示-2026.7.3,山西省公共资源交易平台,昔阳县第三污水处理厂工程EPC总承包中标结果公示|https://prec.sxzwfw.gov.cn/jyxxgcgs/1070986.jhtml
中标结果公示,山西省中医院住院楼改造提升项目监理,无,无,无,无,无,无,无,无,无,无,无,无,无,无,无,无,13834566268,无,无,中标结果公示-2026.7.3,山西省公共资源交易平台,山西省中医院住院楼改造提升项目监理|https://prec.sxzwfw.gov.cn/jyxxgcgs/1070990.jhtml
中标候选人公示,应县迎宾路照明设施改造工程施工,无,无,无,无,无,无,无,无,无,无,无,无,无,应县住房和城乡建设管理局,无,无,无,无,无,中标候选人公示-2026.7.3,山西省公共资源交易平台,应县迎宾路照明设施改造工程施工(1标段)中标候选人公示|https://prec.sxzwfw.gov.cn/jyxxgchxr/1070979.jhtml
中标候选人公示；中标结果公示,阳高县大泉山食用菌数智科创园项目,无,无,无,无,无,无,无,无,无,无,无,无,无,阳高县农业农村局,无,无,无,无,无,中标候选人公示-2026.7.3；中标结果公示-2026.7.7,山西省公共资源交易平台,阳高县大泉山食用菌数智科创园项目(1标段)中标候选人公示|https://prec.sxzwfw.gov.cn/jyxxgchxr/1071002.jhtml；阳高县大泉山食用菌数智科创园项目(1标段)中标结果公示|https://prec.sxzwfw.gov.cn/jyxxgcgs/1071811.jhtml
中标候选人公示,大秦铁路股份有限公司太原电务段太原北站驼峰信号设备改造工程施工总价承包项目,无,无,无,无,无,无,无,无,无,无,无,无,无,西安铁路监督管理局，中国铁路太原局集团有限公司,无,无,无,无,无,中标候选人公示-2026.7.3,山西省公共资源交易平台,大秦铁路股份有限公司太原电务段太原北站驼峰信号设备改造工程施工总价承包项目(1标段)中标候选人公示|https://prec.sxzwfw.gov.cn/jyxxgchxr/1070943.jhtml
中标候选人公示,阳高县罗文皂镇镇大沟水毁河道清淤工程施工,无,无,无,无,无,无,无,无,无,无,无,无,无,阳高县水务局,无,无,无,无,无,中标候选人公示-2026.7.3,山西省公共资源交易平台,阳高县罗文皂镇镇大沟水毁河道清淤工程施工(1标段)中标候选人公示|https://prec.sxzwfw.gov.cn/jyxxgchxr/1070951.jhtml
中标结果公示,晋中市太谷区农村安全饮水巩固提升工程勘察设计,无,无,无,无,无,无,无,无,无,无,无,无,无,太谷区水利局,无,无,无,无,无,中标结果公示-2026.7.3,山西省公共资源交易平台,晋中市太谷区农村安全饮水巩固提升工程勘察设计中标结果公示|https://prec.sxzwfw.gov.cn/jyxxgcgs/1070972.jhtml
中标结果公示,太原供水集团有限公司北张东路等给水管线改造工程施工,无,无,无,无,无,无,无,无,无,无,无,无,无,无,无,无,0351-3020249,无,无,中标结果公示-2026.7.3,山西省公共资源交易平台,太原供水集团有限公司北张东路等给水管线改造工程施工|https://prec.sxzwfw.gov.cn/jyxxgcgs/1070989.jhtml
招标公告,兴县经济技术开发区绿电园区210MW光伏项目（分布式光伏1万千瓦工程）施工施工,无,无,2026年7月24日10时00分,2026年7月3日17时00分至2026年7月24日10时00分,兴县经济技术开发区绿电园区 210MW 光伏项目（分布式光伏 1 万 千瓦工程）施工 招 标公告 （ 招标编号： S S141155202607020063 ） 招标项目所在地区：吕梁市 兴县 一 、招标条件 兴县经济技术开发区绿电园区 2 10M W 光伏项目（分布式光伏 1 万 千瓦工程）施工 （ 招标编号： S S141155202607020063 ） ，已由兴县经济技术开发区管理委员会行政审 批局以兴经开管审发〔2026〕3 号文件批复。资金来源为专项资金和县级配套资金，招 标 人为兴县兴发电力投资有限公司。项目已具备招标条件，现对该项目施工进行国内 公 开招标。 二 、项目概况和招标范围 项目规模：本项目光伏装机容量为 1 0MWp ， 利用厂房闲置屋顶进行分布式光伏电站 建 设等。 招标内容与范围：本招标项目划分为 1 个 标段： 0 0 1 第 1 标段，标段（包）内容：兴县经济技术开发区绿电园区 2 10M W 光 伏项目 （分布式光伏 1 万 千瓦工程）施工施工（详见工程量清单及图纸） 资 金来源：专项资金和县级配套资金。 总 投资金额： 2 230.7 7 万 元 建 设地址：兴县经济技术开发区铝镁新材料产业园区。 计 划工期： 3 6 5 日 历天。 质 量要求：合格。 三 、投标人资格要求 0 0 1 第 一标段 3 . 1 本 次招标要求投标人须具备建筑行政主管部门颁发的电力工程施工总承包三级 及 以上资质，具备承装（修、试）电力设施许可证三级及以上资质，有效的营业执照 ， 并在人员、设备、资金等方面具有相应的施工能力，其中：投标人拟派项目经理须 具 备机电工程专业二级及以上注册建造师执业资格，具备有效的安全生产考核合格证 ， 且未担任其他在施建设工程项目的项目经理； 3 . 2 单 位负责人为同一人或者存在控股、管理关系的不同单位，不得同时对本项目 提 出投标申请，否则投标无效。 3 . 3 投 标人、法定代表人和拟派项目经理近三年内无行贿犯罪记录。 3 . 4 投 标人未被列入失信被执行人名单。 3 . 5 本 次招标不接受联合体投标。 四 、招标文件的获取 4 . 1 获 取时间： 2 02 6 年 7 月 3 日 1 7 时 0 0 分至 2 02 6 年 7 月 2 4 日 1 0 时 0 0 分 4 . 2 获 取方法：在全国公共资源交易平台（山西省吕梁市）（未在全国公共资源交 易 平台（山西省吕梁市）注册的企业需要先注册，并在吕梁市公共资源交易中心办理 企业、法定代表人及其委托的项目负责人 C A 证 书）免费下载招标文件。 五 、投标文件的递交 5 . 1 递 交截止时间： 2 02 6 年 7 月 2 4 日 1 0 时 0 0 分 。 5 . 2 递 交方法：投标人应在投标截止时间前，登录 “ 全 国公共资源交易平台（山西 省 吕梁市） ” 在 线提交加密后的电子投标文件。逾期提交或者未提交的投标文件，招 标 人不予受理。 5 . 3 递 交地址：全国公共资源交易平台（山西省吕梁市）。 六 、开标时间及地点 6 . 1 开 标时间： 2 02 6 年 7 月 2 4 日 1 0 时 0 0 分 。 6 . 2 开 标方式：通过全国公共资源交易平台（山西省吕梁市）网上开标。 七 、提交投标保证金的形式 本 项目可以采用现金保证金或银行保函、保证保险、担保机构保函、电子保函等 非 现金交易担保方式提交投标保证金。 八 、提出异议的渠道和方式 提 出异议的渠道：通过电子招标投标交易平台（系统）或纸质方式提出 本 项目异议接收单位：兴县兴发电力投资有限公司 地 址：兴县经济技术开发区 联 系人：白旭辉 联 系电话： 1 8135073267 九 、其他公告内容 9 . 1 本 次招标公告同时在《山西省招标投标公共服务平台》、《全国公共资源交易 平 台（山西省吕梁市）》上发布。 9 . 2 本项目全面实行远程线上开标，项目发起解密 3 0 分 钟内投标人登录全国公共 资 源交易平台（山西省吕梁市）→远程开标大厅，进行解密、确认报价。若在规定时 间 内投标文件无法解密或解密失败，视为主动放弃本次投标。 9 .3 、 本项目采用综合评估法，评标委员会按得分从高到低的排序向招标人推荐中 标 候选人，招标人根据评标委员会的评标报告，从推荐的中标候选人中确定中标人。 十 、监督部门 本 招标项目监督部门为兴县经济技术开发区管理委员会。 联 系电话： 1 8435841129 十 一、联系方式 招 标人：兴县兴发电力投资有限公司 地 址：兴县经济技术开发区 联 系人：白旭辉 联 系电话： 1 8135073267 招 标代理机构：山西重晟项目管理有限公司 地 址：吕梁市离石区文丰路文丰苑 3 号楼 1 4 层 联 系 人：张建丽 联 系电话： 0 358-2810005 招 标人或其招标代理机构主要负责人（项目负责人） ： （ 签 名） （ 盖章 ） 招 标人或其招标代理机 构,兴县兴发电力投资有限公司,兴县经济技术开发区,白旭辉 联 系电话： 1 8135073267,1 8135073267,山西重晟项目管理有限公司,吕梁市离石区文丰路文丰苑 3 号楼 1 4 层,张建丽 联 系电话： 0 358-2810005 招 标人或其招标代理机构,0 358-2810005 招 标人或其招标代理机构,兴县经济技术开发区管理委员会,无,无,18435841129,无,无,招标公告-2026.7.3,山西省公共资源交易平台,兴县经济技术开发区绿电园区210MW光伏项目（分布式光伏1万千瓦工程）施工施工招标公告|https://prec.sxzwfw.gov.cn/jyxxgczb/1070893.jhtml
招标计划,原煤储煤场封闭,能源,公开招标,无,无,无,无,无,无,无,无,无,无,无,无,无,无,无,无,无,招标计划-2026.7.3,山西省公共资源交易平台,原煤储煤场封闭|https://prec.sxzwfw.gov.cn/jyxxzbjh/1070872.jhtml
中标候选人公示,泽州县巴公镇文化站项目EPC总承包,无,无,无,无,无,无,无,无,无,无,无,无,无,泽州县住房和城乡建设管理局,无,无,0356-2285680,无,无,中标候选人公示-2026.7.3,山西省公共资源交易平台,泽州县巴公镇文化站项目EPC总承包中标候选人公示|https://prec.sxzwfw.gov.cn/jyxxgchxr/1070996.jhtml
招标公告,翼城县全域旅游配套基础设施提升项目(木石四牌坊环境整治项目)木石四牌坊环境整治改造工程监理,无,无,2026年07月29日09时00分,2026年07月08日00时00分至2026年07月14日23时59分,翼城县全域旅游配套基础设施提升项目 (木石四牌坊环境整治项目)木石四牌坊环境整治改造工程监理 招标公告 （招标编号： GC141000202600274001 ） 招标项目所在地区： 临汾市 翼城县 一、招标条件 本招标项目 翼城县全域旅游配套基础设施提升项目 (木石四牌坊环境整治项目)木石四牌坊环境整治改造工程监理（招标项目编号： GC141000202600274001），已由翼城县行政审批服务管理局以翼审管审字[2021]7号、翼审管立字[2022]6号批准，项目资金来源为县财政资金、上级补助资金、地方政府专项债券，招标人为翼城县工程建设服务中心。本项目已具备招标条件，现进行公开招标。 二、项目概况和招标范围 2.1项目规模：一是街区风貌提升改造工程；二是街区环境改造工程；三是市政改造工程；四是民俗文化展演中心工程；五是原党校外立面改造工程。 2.2 招标内容与范围：本招标项目划分为 1个标段，本次招标为其中的： 001翼城县全域旅游配套基础设施提升项目(木石四牌坊环境整治项目)木石四牌坊环境整治改造工程监理 2.3建设内容： 一是街区风貌提升：对木坊街、石坊街、牌坊路沿街 169座民居立面更新改造；二是街区环境改造工程：对原党校前广场、木坊街中心休息区等花园广场改造；三是市政改造工程：含木坊街、石坊街、牌坊路2044米道路改造，涵盖电力、通信、排水、照明及石板路铺装；四是民俗文化展演中心工程：建筑面积1544.36平方米，地上一层，钢结构，建筑高度9.0米，耐火等级二级，设计使用年限50年，配套给排水、电气、暖通、消防等设施；五是原党校外立面改造工程：对现有的4层砖混结构建筑外立面以及门厅进行改造，改造面积2857平方米。 2.4 招标范围：翼城县全域旅游配套基础设施提升项目 (木石四牌坊环境整治项目)木石四牌坊环境整治改造工程全过程监理及后续相关服务。 2.5 财政评审金额： 664900元 2.6项目地点：翼城县城区 2.7 监理服务期限： 6个月（180日历天）（同施工工期及缺陷责任期） 2.8质量标准：符合国家、行业最新规范合格标准 三、投标人资格要求 001翼城县全域旅游配套基础设施提升项目(木石四牌坊环境整治项目)木石四牌坊环境整治改造工程监理 3.1投标人须具备工程监理综合资质或同时具备房屋建筑工程监理乙级及以上和市政公用工程监理乙级资质及以上资质，有效的营业执照，并在人员、设备、资金等方面具有相应的监理能力，其中，投标人拟派本项目总监理工程师须具备在本单位注册的国家级房屋建筑工程专业的监理工程师执业资格； 3.2投标人在中华人民共和国依法注册，具有独立的法人资格。 3.3单位负责人为同一人或者存在控股、管理关系的不同单位，不得参加同一标段投标或者未划分标段的同一招标项目投标； 3.4投标人在“信用中国”中生成的信用信息报告中没有严重失信信息（须提供投标截止时间前七日内的信用报告）；投标人及其法定代表人、拟派项目总监理工程师 在 “中国裁判文书网”网站中无行贿受贿犯罪记录。 3.5本项目不允许联合体投标。 四、获取电子招标文件 （ 1） 电子招标文件获取时间 :2026年07月08日00时00分至2026年07月14日23时59分 （ 2） 电子招标文件获取方式： 投标人在山西省公共资源交易主体信息库 (http://jyzt.sxzwfw.gov.cn)进行主体库注册，主体库注册完成后办理数字证书（USBKey），凭借数字证书（USBKey）登录全国公共资源交易平台（山西省·临汾市）（http://lfggzyjy.linfen.gov.cn）首页【投标人/供应商】-【工程建设】-【投标系统】-【下载招标文件】处免费获取招标文件及相关资料。此为获取招标文件的唯一途径，通过其他渠道获取招标文件的不具备投标资格。技术支持电话：010-86483801主体库注册及数字证书（CA）办理咨询电话： 0357-2128966 400-0351-858 400-653-0200 400-666-3999 400-0351-946 （ 3） 投标人应通过全国公共资源交易平台（山西省 ·临汾市）（http://lfggzyjy.linfen.gov.cn）关注澄清公告、变更公告、终止公告等有关公告，此类公告不再书面进行通知。各市场参与主体因自身原因未关注到此公告并造成损失的，责任自负。 （ 4） 主体库需提前一个工作日办理完成注册，隔日方可使用 CA下载招标文件。 五、 提交投标文件及相关要求 （一）电子投标文件的递交截止时间和方法 1.递交截止时间：电子投标文件上传截止时间：2026年07月29日09时00分 2.递交方法： （ 1）从全国公共资源交易平台（山西省·临汾市）（http://lfggzyjy.linfen.gov.cn）-【业务指南】-【下载中心】下载《临汾市工程建设投标文件编制系统》（此为编制电子投标文件的唯一工具）。按其中“投标文件格式”的要求编制电子投标文件，电子投标文件的格式为*.TBJ。 注：施工类项目中工程量清单电子投标报价文件的编制，需从 “全国公共资源交易平台（山西省·临汾市）（http://lfggzyjy.linfen.gov.cn）-【业务指南】-【下载中心】下载《临汾市工程建设投标报价编制系统》（此为编制工程量清单报价文件的唯一工具）。使用该工具对工程量清单电子投标报价文件进行编制，工程量清单电子投标报价文件格式为*.TBS。 因实际业务需要，各类编制系统会不定时更新，请各市场主体编制标书前确定安装的是最新版本的编制系统，再进行电子标书的编制工作。 （ 2）使用数字证书及电子签章工具按招标文件要求对电子投标文件进行电子签章的加盖（包括法人电子签章、法定代表人电子签章及授权代表签章等）。 （ 3）编制电子投标文件时，如需要粘贴图片，务必将JPG格式的图片粘贴到Word文档，再将Word文档导入编制系统，且每张图片的分辨率应小于100dpi。 （ 4）上传的电子投标文件必须使用数字证书进行加密。所用数字证书加密的电子投标文件，必须使用该数字证书进行解密。供应商因更换数字证书等原因造成投标文件未解密的，视为撤回投标文件（数字证书续费后同样会造成不能解密续费前加密的电子投标文件，所以，建议：若需续费，需在加密前进行）。 （ 5）投标人务必在电子投标文件上传截止时间前，通过数字证书登录“全国公共资源交易平台（山西省·临汾市）”（http://lfggzyjy.linfen.gov.cn）首页【投标人/供应商】-【工程建设】，在【提交投标文件】处上传相应的电子投标文件，上传后点击“签名确认”。签名确认完成才算递交成功，否则视为撤回投标文件。最后打印“网上递交投标文件回执”。 递交地址：本项目投标采用网上电子投标的方式进行，无需递交纸质标书。 3.特别注意事项： （ 1）上述操作步骤和方法为投标人编制、上传电子投标文件的唯一途径，如投标人操作与其不符，造成的后果由投标人自行承担。 （ 2）建议投标人提前上传电子投标文件，不论何种原因，电子投标文件上传截止时间前未完成上传的，视为放弃投标 （二）电子投标文件解密时间、解密方式、网上开标公示 1. 电子投标文件解密时间（开标后 1小时内）： 2026年07月29日09时00分至10 时 00分 2.电子投标文件解密方式：本项目采用网上解密的方式。 投标人须在规定时间内使用自己的网络终端设备凭借数字证书（ USBKey）登陆“全国公共资源交易平台（山西省·临汾市）”（http://lfggzyjy.linfen.gov.cn）-【投标人/供应商】-【工程建设】。登录成功后，点击【开标】-【开标会】进入开标室，再点击页面上方的【网上解密】自行完成解密。解密请求提交成功之后不要重复刷新页面，解密完成之后会显示解密时间。 3.网上开标公示：解密完成之后，点击页面上方【返回】，回到开标室页面，开标结束后自行查看开标结果。 4.特别注意事项： （ 1）为防止网络阻塞、不可抗力等客观原因造成不能在解密截止时间之内完成解密，建议投标人尽早完成解密。不论何种原因，在解密截止时间之内未完成解密的，视为撤回电子投标文件。由此造成的一切不利后果均由投标人自行承担。 （ 2）因电子投标文件编制不规范导致无法导入评审系统或无法打开电子投标文件的，视为撤回电子投标文件。 （ 3）投标人在进行澄清、说明、更正时，需自行准备电脑终端设备（电脑终端设备需具备IE9及IE9以上的浏览器和数字证书驱动）。 六、开标时间及地点 开标时间：2026年07月29日09时00分 开标方式：线上开标 七、提交投标保证金的形式 本项目可以采用现金保证金或银行保函、保证保险、担保机构保函、电子保函等非现金交易担保方式提交投标保证金。 八、提出异议的渠道和方式 提出异议的渠道： 1.通过电子招标投标交易平台（系统） 2.纸质方式提出 提出接收异议的联系人：翟晓奇 电话：0357-4922171 邮箱：ycxzjjxmb205@163.com 九、其他公示内容 本次招标公告同时在山西省招标投标公共服务平台、全国公共资源交易平台（ 山西省 ·临汾市 ）上发布。 十、监督部门 本招标项目的监督部门为翼城县住房和城乡建设管理局。 联系电话： 0357-4922171 邮箱： lfyccjj@163.com 十一 、 联系方式 招 标 人：翼城县工程建设服务中心 地 址：翼城县解放西街八一路口 联 系 人：翟晓奇 联系电话：0357-4922171 电子邮件： ycxzjjxmb205@163.com 招标代理机构：山西林辉工程项目管理有限公司 地 址： 山西省运城市卡纳溪谷西门北侧 4422-12号商铺 联 系 人： 王牵珍 联系电话：0359-2568868 电子邮件：linhuisx@163.com 招标人或其招标代理机构主要负责人（项目负责人）： （签名） 招标人或其招标代理机构： （盖章）,翼城县工程建设服务中心,翼城县解放西街八一路口,翟晓奇,0357-4922171,山西林辉工程项目管理有限公司,山西省运城市卡纳溪谷西门北侧 4422-12号商铺,王牵珍,0359-2568868,翼城县住房和城乡建设管理局,无,无,0357-4922171,无,无,招标公告-2026.7.7,山西省公共资源交易平台,翼城县全域旅游配套基础设施提升项目(木石四牌坊环境整治项目)木石四牌坊环境整治改造工程监理招标公告|https://prec.sxzwfw.gov.cn/jyxxgczb/1071827.jhtml
中标候选人公示,"大秦铁路股份有限公司侯马北供电段2026年度侯马北站区10kV配电增容改造工程建设单位管理甲供物资项目(1,2,3,4",无,无,无,无,无,无,无,无,无,无,无,无,无,西安铁路监督管理局，中国铁路太原局集团有限公司,无,无,无,无,无,中标候选人公示-2026.7.7,山西省公共资源交易平台,"大秦铁路股份有限公司侯马北供电段2026年度侯马北站区10kV配电增容改造工程建设单位管理甲供物资项目(1,2,3,4,5标段)中标候选人公示|https://prec.sxzwfw.gov.cn/jyxxgchxr/1071826.jhtml"
中标候选人公示,浑源县2026年大洼项目区小流域综合治理提质增效项目,无,无,无,无,无,无,无,无,无,无,无,无,无,浑源县水务局,无,无,无,无,无,中标候选人公示-2026.7.7,山西省公共资源交易平台,浑源县2026年大洼项目区小流域综合治理提质增效项目(1标段)中标候选人公示|https://prec.sxzwfw.gov.cn/jyxxgchxr/1071819.jhtml
中标结果公示,尧都区居民区供水管网漏损治理及老化更新改造(一期)工程工程总承包（EPC）,无,无,无,无,无,无,无,无,无,无,无,无,无,临汾市尧都区住房和城乡建设局,无,无,18734796600,无,无,中标结果公示-2026.7.7,山西省公共资源交易平台,尧都区居民区供水管网漏损治理及老化更新改造(一期)工程工程总承包（EPC）(1标段)中标结果公示|https://prec.sxzwfw.gov.cn/jyxxgcgs/1071787.jhtml
中标结果公示,侯马市公共实训基地建设项目施工,无,无,无,无,无,无,无,无,无,无,无,无,无,侯马市住房和城乡建设局,无,无,0357-3900150,无,无,中标结果公示-2026.7.7,山西省公共资源交易平台,侯马市公共实训基地建设项目施工中标结果公示|https://prec.sxzwfw.gov.cn/jyxxgcgs/1071789.jhtml
中标结果公示,天镇县100MW风力发电项目监理,无,无,无,无,无,无,无,无,无,无,无,无,无,大同市能源局,无,无,无,无,无,中标结果公示-2026.7.7,山西省公共资源交易平台,天镇县100MW风力发电项目监理(1标段)中标结果公示|https://prec.sxzwfw.gov.cn/jyxxgcgs/1071794.jhtml
中标结果公示,大宁县胡城水库工程EPC总承包项目,无,无,无,无,无,无,无,无,无,无,无,无,无,临汾市水利局,无,无,0357-2028638,无,无,中标结果公示-2026.7.7,山西省公共资源交易平台,大宁县胡城水库工程EPC总承包项目中标结果公示|https://prec.sxzwfw.gov.cn/jyxxgcgs/1071788.jhtml
中标结果公示,泽州县巴公镇文化站项目EPC总承包中标结果公告,无,无,无,无,无,无,无,无,无,无,无,无,无,泽州县住房和城乡建设管理局,无,无,0356-2285680,无,无,中标结果公示-2026.7.7,山西省公共资源交易平台,泽州县巴公镇文化站项目EPC总承包中标结果公告|https://prec.sxzwfw.gov.cn/jyxxgcgs/1071808.jhtml
中标结果公示,应县迎宾路照明设施改造工程施工项目,无,无,无,无,无,无,无,无,无,无,无,无,无,应县住房和城乡建设管理局,无,无,无,无,无,中标结果公示-2026.7.7,山西省公共资源交易平台,应县迎宾路照明设施改造工程施工项目(1标段)中标结果公示|https://prec.sxzwfw.gov.cn/jyxxgcgs/1071822.jhtml
中标结果公示,天镇县100MW风力发电项目EPC总承包,无,无,无,无,无,无,无,无,无,无,无,无,无,大同市能源局,无,无,无,无,无,中标结果公示-2026.7.7,山西省公共资源交易平台,天镇县100MW风力发电项目EPC总承包(1标段)中标结果公示|https://prec.sxzwfw.gov.cn/jyxxgcgs/1071797.jhtml
招标计划,垣曲县后河水库排沙底洞控制闸阀改造工程,水利,公开招标,无,无,无,无,无,无,无,无,无,无,无,无,无,无,无,无,无,招标计划-2026.7.7,山西省公共资源交易平台,垣曲县后河水库排沙底洞控制闸阀改造工程|https://prec.sxzwfw.gov.cn/jyxxzbjh/1071843.jhtml
中标候选人公示,代县100MW风力发电项目总承包（EPC)监理,无,无,无,无,无,无,无,无,无,无,无,无,无,代县能源局,无,无,13663608729,无,无,中标候选人公示-2026.7.7,山西省公共资源交易平台,代县100MW风力发电项目总承包（EPC)监理中标候选人公示|https://prec.sxzwfw.gov.cn/jyxxgchxr/1071844.jhtml
中标结果公示,侯马市学府路（合欢街-晋珠街）道路建设工程施工,无,无,无,无,无,无,无,无,无,无,无,无,无,侯马市住房和城乡建设局,无,无,0357-3900150,无,无,中标结果公示-2026.7.7,山西省公共资源交易平台,侯马市学府路（合欢街-晋珠街）道路建设工程施工中标结果公示|https://prec.sxzwfw.gov.cn/jyxxgcgs/1071790.jhtml
中标结果公示,长治市屯留区供水管网改造项目全过程工程咨询服务,无,无,无,无,无,无,无,无,无,无,无,无,无,长治市屯留区住房和城乡建设局,长治市屯留区麟绛西大街 66 号,陈艳军,0355-7522123,无,无,中标结果公示-2026.7.7,山西省公共资源交易平台,长治市屯留区供水管网改造项目全过程工程咨询服务中标结果公示|https://prec.sxzwfw.gov.cn/jyxxgcgs/1071830.jhtml
招标公告,通宝（繁峙）清洁能源有限公司繁峙170.5MW风电项目EPC工程总承包项目,无,无,2026-07-28 09:00:00,2026-07-07 12:00 -- 2026-07-13 18:00,"通宝（繁峙）清洁能源有限公司繁峙170.5MW风电项目EPC工程总承包项目(1标段)招标公告 （招标编号：E1400000911002579002） 招标项目所在地区: 山西省忻州市繁峙县 一、招标条件 本通宝（繁峙）清洁能源有限公司繁峙170.5MW风电项目EPC工程总承包（招标项目编号： E1400000911002579002 ），已由忻州市行政审批服务管理局批准，项目资金来源为企业自筹，招标人为通宝（繁峙）清洁能源有限公司。本项目已具备招标条件，现进行 公开招标 。 二、项目概况和招标范围 项目规模: 繁峙170.5MW风电项目位于山西省忻州市繁峙县，核准容量为170.5MW，同期新建一座220kV变电站、220kV送出线路及相关配套设施。该项目以 220 千伏线路π接入繁峙迅越储能～滹源站 220 千伏线路。（详见附件晋电发展〔2026〕146 号）。 本项目拟采用单机容量单机容量6.25MW及以上，风轮直径200m及以上风力发电机组。投标人可按照项目核准容量，根据自身制造机型使用不同单机容量机型混排布置，并根据投标的风机机型提供成套塔筒（含锚栓组合件）及附属设备。 招标内容与范围：本招标项目划分为1个标段，本次招标为其中的: 001通宝（繁峙） 清洁能源有限公司繁峙170.5MW风电项目EPC工程总承包: 标段（包）内容 与范围： 包括但不限于： 开工前手续办理及协调、风电场升压站、风机基础、集电线路、场区施工道路、检修道路的设计、施工、设备材料采购；风电场接入集控中心系统的方案设计、设备采购、安装调试、数据联调、并网接入、远程监控功能开通及全流程投运工作 （甲方集控中心地址：山西省太原市杏花岭区府西街 18号，亿诚众投大厦5层） ；环保工程、水保工程的施工、监测，并取得政府相关部门验收批复或备案文件。 送出线路（包含对端站）工程：对端站接入间隔费、林（草、土）地手续办理（如涉及）及补偿、土建施工、设备采购、安装、调试、验收、质检和送出线路及对端间隔及对端站带电手续办理，接入的系统站（或对端站）包含电能质量评估报告、 通讯扩板、计量变比、保护变比等满足带电要求； 招标工作内容（含费用）具体如下包括但不仅限于： 1、勘察、设计：风电项目场区1:2000地形图测绘、升压站及机位平台1:500地形图测绘、送出经线路地形测绘、初步设计优化、微观选址、地质详勘、施工图设计、技术规范书、竣工图编制等。 2、施工过程中涉及到的补偿包括但不仅限于：招标人负责临时、永久林草地及土地手续办理费用、招拍挂的土地出让金及契税。除此以外临时占地补偿费用、永久占地补偿费用、永久及临时附着物补偿、植被恢复费、复垦费、土地使用税（含土地、林草地永久用地和临时用地，税 期限 截止期为全容量并网之日止）、耕地占用税（含土地、林草地永久用地和临时用地）等相关费用均由投标人承担。工程竣工前，因政府政策性变化新增加的手续办理事宜及相关费用也包含在内。 特别说明：招标人与投标人界限划分： 除临时、永久林草地及土地手续办理费用、招拍挂的土地出让金及契税由招标人支付外， 除此以外费用均由投标人承担。 工程竣工前，因政府政策性变化增加的手续办理事宜及相关费用也包含在内。（备注：送出线路临时、永久林草坪地及土地手续办理费用、补偿等相关费用含在本次招标工作范围内） 3、 开工前手续办理及协调等：包含建设用地规划许可证、建设工程规划许可证、建筑工程施工许可证、质监注册、开工报告、能监办备案等根据法规、规章及项目建设地相关部门要求开工前办理的一切手续，因政府政策性变化增加的手续办理 及相关费用 事宜，包含在此范围内。 特别说明：招标人与投标人界限划分： 除前期水保及环保批复（备案）咨询服务费用由招标人支付外， 除此以外用均由投标人承担。 工程竣工前，因政府政策性变化增加的手续办理事宜及相关费用也包含在内。 4、 建安工程、设备材料采购供货、调试、试验等：含风电场、集电线路、进场道路、检修道路、变电站、电气工程等建筑安装、通讯、试验、调试、设备及材料采购、联合试运转、整套启动配合、水土保持（含税金）和环境保护工程施工等。项目所需全部设备包括风机、塔筒及附属设备、箱变、变电站设备等 5、验收（含专项验收报告及批准文件）：负责完成各专项验收，包括但不仅限于质监、环保、水保、消防、安全、职业卫生等以及相关过程的监测及相关水保、环保费用交纳、档案达标、升压站站内一次、二次、通信、自动化验收、电力系统二次防护验收、安防验收、关口计量表的验收、发电业务许可证办理及项目整体竣工验收等，因政府政策性变化增加的手续办理事宜，包含在此范围内。 6、咨询服务、项目评审、可再生能源发电工程质量监督站备案和各个监督检查阶段的检查及取证（包括首次、升压站受电前和风机启动前监督检查取证）、接入线路质检证书的办理、并网接入手续办理、取得项目新设备投运批准书、能监办备案函、计量点通知、并网协议、并网调度协议、高压供用电协议、购售电合同、通信验收、计量验收、关口计量用 PT、CT 校验、地区局对站内设计图纸会审和验收、场内保护定值委托计算、等保测评、内外部流程、以及由于风电场接入省调、省备调、地调、地区备调通信、自动化保护扩容协调、电科院涉网试验等，即为满足本项目上网要求进行的工作、协调、所有手续的服务等工作；验收（含专项验收报告及批准文件）等； 特别说明：招标人负责仿真建模及涉网试验（电能质量测试、功率调节测试、无功补偿装置性能测试、自动发电控制（ AGC）系统试验、自动电压控制（AVC）、一次调频系统试验的办理和费用，除招标人负责外的其它试验由投标人负责。 7、保险：工程投保建安工程一切险、第三者责任险及附加险、建设工程设计责任险等。 8、220KV送出线路（包含对端站）：送出线路接入费用、对端站接入间隔费、停电损失补偿费、临时、永久林草地及土地手续办理、补偿费用、土建施工、设备采购、安装、调试、验收、质检和及对端站带电手续办理，接入的系统站包含电能质量评估报告、通讯扩板、计量变比、保护变比等满足带电要求； 特别说明：招标人负责送出线路核准前的所有手续办理及预初设，除招标人负责外的其它工作均由投标人负责； 由于线路的 π接 ， 与本站对接的相关间隔设备更换、调度命名及计量点变更等手续完善（如需），协调和发生的费用包含在报价 ； 9、生产准备：配合升压站联合试运转以及相关的配合及协调工作及费用。 10、总承包管理、协调服务：本工程采用设计、采购、施工一体化模式（EPC），招标人已先行完成的土地、林草地手续办理合同签订，该合同纳入投标人的统筹管理范围。投标人应承接该合同后续管理、协调、衔接及竣工验收等全部义务，费用含在报价总价中。(招标人已签合同详见附件) 特别说明：投标人中标后，招标人已签合同其相关权利（包括但不限于对已签合同相对方的管理权、指令权）自移交之日起由总承包方行使，相关义务（包括但不限于合同履约监管、付款协调、资料归集等）由总承包方承担。发包人保留知情权和最终审批权。 11、 “核准/规划容量”与“实际建设容量”二次申报及变更工作（费用）：若因投标机型混排、项目湍流、微观选址、电网接入批复、项目投资收益等原因，导致“核准/规划容量”与“实际建设容量”差异，由此产生的全部行政手续变更工作及费用含在投标报价中。 建设地点：山西省忻州市繁峙县 工期： 计划开工日期 2026年8月31日，计划全容量并网日期2027年10月31日，计划竣工日期2027年12月31日。（具体开工日期以招标人书面通知为准，全容量并网日期为接到书面通知起14个月，竣工日期为接到书面通知起 16 个月） 风机、塔筒及附属设备采购交货期 : 锚栓组合件： 2026年9月供货5套，2026年10月供货5套，2027年3月供货7套，2027年4月供货7套。 塔筒、主机及叶片： 2026年9月份1套，2026年10月份2套，2027年3月份3套，2027年4月份3套，2027年5月份5套，2027年6月份4套，2027年7月份3套，2027年8月份3套。 具体供货时间以甲方书面通知为准。 质量标准：达到国家、行业相关规范、规定合格标准。 三、投标人资格要求 001通宝（繁峙） 清洁能源有限公司繁峙170.5MW风电项目EPC工程总承包: 资质要求： 3.1投标人应为中华人民共和国境内注册的独立法人； 3.2投标人须同时具有以下资质： 3.2.1勘察资质：建设行政主管部门颁发的【工程勘察综合甲级资质】。 3.2.2设计资质：建设行政主管部门颁发的【电力行业设计甲级及以上资质】或【工程设计综合甲级资质】； 3. 2 .3施工资质：建设行政主管部门颁 发的电力工程施工总承包二级及以 上资质和有效的安全生产许可证。 3. 2 .4 承装（修、试）电力设施资质：国家能源局派出机构颁发的《承装（修、试）电力设施许可证》资质（许可类别和等级为同时具备承装二级及以上、承试二级及以上）。 人员要求： 3.3 项目经理须具备 在本单位注册的 【机电工程（或建筑工程）一级注册建造师执业资格（须附使用期限内的电子证书，并在个人签名 处手写本人签名，未手写签名或与签名图像笔迹不一致的，该电子证书无效）】，为本单位在册人员， 提供社保证明（投标截止时间前 6个月内任意一次本单位会保险缴纳证明）， 且承诺 在本招标项目计划工期内不担任其他在建项目的工程总承包项目经理 (或施工负责人)、施工项目的项目经理（提供承诺函，承诺函格式见第七章“投标文件格式”） 3.4项目副经理（设计负责人）须具备 在本单位注册的 【注册电气工程师 注册执业证书 】 （须附使用期限内的电子证书，并在个人签名处手写本人签名 ） ，且为本单位在册人员， 提供社保证明（投标截止时间前 6个月内任意一次本单位社会保险缴纳证明） ； 3.5项目副经理（施工负责人）须具 备 在本单位注册的 【机电工程（或建筑工程）一级注册建造师执业资格（须附使用期限内的电子证书，并在个人签名处手写本人签名）】，建设行政主管部门颁发的安全生产考核合格证书（ B证） 。为本单位在册人员， 提供社保证明（投标截止时间前 6个月内任意一次本单位社会保险缴纳证明）， 且承诺 在本招标项目计划工期内不担任其他在建项目的工程总承包项目经理 (或施工负责人)、施工项目的项目经理（提供承诺函，承诺函格式见第七章“投标文件格式”） ； 注：项目经理不可以兼任项目副经理； 业绩要求： 3.6 投标人业绩要求：投标人近年具有1项类似业绩。 （ 1）近年指：2023年7月1日至投标截止日（指合同签订在此期间） （ 2）类似业绩指： 投标人 须独立同时承担设计、施工、 设备 采 购（ 含风机、塔筒 ） 任务 的 单项合同容量 170.5MW 及以上的陆上风电项目工程总承包（ EPC）业绩。 业绩证明需要提供的材料： ①合同扫描件（须至少包含：合同签订日期、合同双方盖章页、承包范围及业绩要求的关键信息等内容）； ②对应项目结算的任意一张有效发票。【附发票及对应发票的“国家税务总局全国增值税发票查验平台”（或“全国统一规范电子税务局”）查询结果】 发票要求：发票复印件的发票号码、开票日期、金额须清晰可查。 【注 1】业绩合同未明确项目类型为陆上风电项目、容量的，须提供合同相对方加盖公章的证明文件。 信誉要求： 3.7投标人不得被市场监督管理机关在“国家企业信用信息公示系统”（www.gsxt.gov.cn）中列入“严重违法失信名单（黑名单）”；投标人在“信用中国”网站（www.creditchina.gov.cn）不得存有严重失信记录、不得被列入“安全生产严重失信主体名单”、“拖欠农民工工资失信联合惩戒对象名单”；投标人法定代表人在“信用中国”网站（www.creditchina.gov.cn）不得被列入“安全生产严重失信主体名单（自然人）”；（须提供招标文件第七章投标文件格式中“信誉材料”要求的证明材料,联合体投标的，联合体所有成员均须提供“信誉材料”） 本标段 不允许 联合体投标。 四、招标文件的获取 001通宝（繁峙） 清洁能源有限公司繁峙170.5MW风电项目EPC工程总承包: 获取时间: 2026-07-07 12:00 -- 2026-07-13 18:00 获取方法: 本项目投标人须办理CA数字证书，在全国公共资源交易平台（山西省）（http://prec.sxzwfw.gov.cn）进行主体库注册，主体库注册完成后凭借CA数字证书登录山西省公共资源交易一体化平台工程建设招投标交易系统（省本级）（http://ggzy.sxzwfw.gov.cn/gb-web//#/login），通过系统指引下载获取本项目招标文件，此为获取本项目招标文件的唯一途径 五、投标文件的递交 001通宝（繁峙） 清洁能源有限公司繁峙170.5MW风电项目EPC工程总承包: 递交截止时间: 2026-07-28 09:00:00 递交方法: 系统上传 递交地址: 投标人须使用CA数字证书在山西省公共资源电子交易系统http://ggzy.sxzwfw.gov.cn/gb-web/#/login上传加密响应文件，上传的加密响应文件须自行解密验证，投标文件递交截止时间后将无法上传投标文件 六、开标时间及地点 001通宝（繁峙） 清洁能源有限公司繁峙170.5MW风电项目EPC工程总承包: 开标时间: 2026-07-28 09:00:00 开标方式: 网上开标 七、提交投标保证金的形式 本项目可以采用现金保证金或银行保函、保证保险、担保机构保函、电子保函等非现金交易担保方式提交投标保证金 八、提出异议的渠道和方式 提出异议的渠道: 1.通过全国公共资源交易平台 (山西省)(https://prec.sxzwfw.gov.cn/） 2.纸质方式提出 接收异议的联系人: 鲁先生 电话: 18635241751 九、其他公告内容 本次招标公告同时在 《中国招标投标公共服务平台》、《山西省招标投标公共服务平台》、《全国公共资源交易平台（山西省）》、《晋能控股招标采购平台》 上发布。 十、监督部门 本招标项目的监督部门为繁峙县能源局。 电话为0350-5580066。 电子邮件为FSNY5580066@163.com。 十一、联系方式 招 标 人: 通宝（繁峙）清洁能源有限公司 地 址: 山西省太原市迎泽区桃园四巷18号 联 系 人: 郭女士 电 话: 15034142290 电子邮件: jnfdjyb@126.com 招标代理机构: 晋能控股集团山西工程咨询有限公司 地 址: 山西省太原市迎泽区柳巷街道开化寺街 86 号综合办公楼 5 层-12 层 联 系 人: 鲁先生 电 话: 18635241751 电子邮件: 40971955@qq.com 招标人或招标代理机构主要负责人（项目负责人）: （签章） 招标人或招标代理机构: （签章）",通宝（繁峙）清洁能源有限公司,山西省太原市迎泽区桃园四巷18号,郭女士,15034142290,晋能控股集团山西工程咨询有限公司,山西省太原市迎泽区柳巷街道开化寺街 86 号综合办公楼 5 层-12 层,鲁先生,18635241751,繁峙县能源局,无,无,0350-5580066,无,无,招标公告-2026.7.7,山西省公共资源交易平台,通宝（繁峙）清洁能源有限公司繁峙170.5MW风电项目EPC工程总承包项目(1标段)招标公告|https://prec.sxzwfw.gov.cn/jyxxgczb/1071841.jhtml
终止公告,山煤河曲2×350MW低热值煤发电贮灰场项目总承包二次招标,无,无,无,无,无,无,无,无,无,无,无,无,无,无,无,无,无,无,无,终止公告-2026.7.7,山西省公共资源交易平台,山煤河曲2×350MW低热值煤发电贮灰场项目总承包二次招标终止公告|https://prec.sxzwfw.gov.cn/jyxxgczb/1071799.jhtml
